,Id,ActivityDay,SedentaryActiveDistance,LightActiveDistance,ModeratelyActiveDistance,VeryActiveDistance
0,1503960366,4/12/2016,0.0,6.05999994277954,0.550000011920929,1.87999999523163
1,1503960366,4/13/2016,0.0,4.71000003814697,0.6899999976158139,1.57000005245209
2,1503960366,4/14/2016,0.0,3.91000008583069,0.400000005960464,2.44000005722046
3,1503960366,4/15/2016,0.0,2.82999992370605,1.25999999046326,2.14000010490417
4,1503960366,4/16/2016,0.0,5.03999996185303,0.40999999642372104,2.7100000381469704
5,1503960366,4/17/2016,0.0,2.50999999046326,0.779999971389771,3.1900000572204603
6,1503960366,4/18/2016,0.0,4.71000003814697,0.639999985694885,3.25
7,1503960366,4/19/2016,0.0,5.03000020980835,1.32000005245209,3.52999997138977
8,1503960366,4/20/2016,0.0,4.23999977111816,0.479999989271164,1.96000003814697
9,1503960366,4/21/2016,0.0,4.65000009536743,0.349999994039536,1.3400000333786
10,1503960366,4/22/2016,0.0,2.24000000953674,1.12000000476837,4.76000022888184
11,1503960366,4/23/2016,0.0,5.3600001335144,0.870000004768372,2.8099999427795397
12,1503960366,4/24/2016,0.0,3.27999997138977,0.209999993443489,2.92000007629395
13,1503960366,4/25/2016,0.0,3.9400000572204603,0.569999992847443,5.28999996185303
14,1503960366,4/26/2016,0.0,5.53999996185303,0.9200000166893009,2.32999992370605
15,1503960366,4/27/2016,0.0,5.40999984741211,0.40999999642372104,6.400000095367429
16,1503960366,4/28/2016,0.0,3.7899999618530296,1.1599999666214,3.5399999618530296
17,1503960366,4/29/2016,0.0,5.57999992370605,0.5,1.05999994277954
18,1503960366,4/30/2016,0.0,4.269999980926509,1.41999995708466,3.5599999427795397
19,1503960366,5/1/2016,0.0,2.92000007629395,1.60000002384186,2.2899999618530296
20,1503960366,5/2/2016,0.0,5.92000007629395,0.569999992847443,3.2100000381469704
21,1503960366,5/3/2016,0.0,4.88000011444092,1.04999995231628,3.7300000190734903
22,1503960366,5/4/2016,0.0,3.8199999332427996,0.870000004768372,2.4600000381469704
23,1503960366,5/5/2016,0.0,4.88000011444092,1.08000004291534,2.92000007629395
24,1503960366,5/6/2016,0.0,5.80999994277954,0.25,1.9700000286102302
25,1503960366,5/7/2016,0.0,3.1300001144409197,2.11999988555908,2.4600000381469704
26,1503960366,5/8/2016,0.0,2.7300000190734903,0.319999992847443,3.52999997138977
27,1503960366,5/9/2016,0.0,3.74000000953674,0.5299999713897711,3.45000004768372
28,1503960366,5/10/2016,0.0,3.25999999046326,1.1599999666214,3.3499999046325697
29,1503960366,5/11/2016,0.0,4.550000190734861,1.00999999046326,2.55999994277954
30,1503960366,5/12/2016,0.0,0.0,0.0,0.0
31,1624580081,4/12/2016,0.0,5.30999994277954,0.0,0.0
32,1624580081,4/13/2016,0.0,4.550000190734861,0.0,0.0
33,1624580081,4/14/2016,0.00999999977648258,5.90999984741211,0.0,0.0
34,1624580081,4/15/2016,0.0,0.970000028610229,0.0,0.0
35,1624580081,4/16/2016,0.0,3.49000000953674,0.0,0.0
36,1624580081,4/17/2016,0.00999999977648258,1.4900000095367398,1.5199999809265101,1.02999997138977
37,1624580081,4/18/2016,0.00999999977648258,4.61999988555908,0.6200000047683721,2.15000009536743
38,1624580081,4/19/2016,0.0,1.89999997615814,0.0,0.0
39,1624580081,4/20/2016,0.0,3.2300000190734903,0.0,0.0
40,1624580081,4/21/2016,0.0199999995529652,4.1100001335144,0.0,0.0
41,1624580081,4/22/2016,0.0,2.5999999046325697,0.0,0.0
42,1624580081,4/23/2016,0.00999999977648258,5.53999996185303,0.0,0.0
43,1624580081,4/24/2016,0.0,1.88999998569489,0.910000026226044,1.1499999761581399
44,1624580081,4/25/2016,0.0199999995529652,4.19999980926514,0.0,0.0
45,1624580081,4/26/2016,0.00999999977648258,1.83000004291534,0.0,0.0
46,1624580081,4/27/2016,0.0,2.4600000381469704,1.87000000476837,1.11000001430511
47,1624580081,4/28/2016,0.0,1.60000002384186,0.200000002980232,0.0
48,1624580081,4/29/2016,0.0,1.54999995231628,0.0,0.0
49,1624580081,4/30/2016,0.00999999977648258,2.11999988555908,1.27999997138977,0.8999999761581421
50,1624580081,5/1/2016,0.0199999995529652,1.9099999666213998,4.19000005722046,21.9200000762939
51,1624580081,5/2/2016,0.0,3.47000002861023,0.5899999737739561,0.8600000143051151
52,1624580081,5/3/2016,0.0199999995529652,1.3400000333786,0.0,0.0
53,1624580081,5/4/2016,0.0,1.41999995708466,0.0,0.0
54,1624580081,5/5/2016,0.0199999995529652,1.58000004291534,0.0,0.0
55,1624580081,5/6/2016,0.00999999977648258,1.12000000476837,0.0,0.0
56,1624580081,5/7/2016,0.0,1.37000000476837,0.0,0.0
57,1624580081,5/8/2016,0.0,2.22000002861023,0.0,0.0
58,1624580081,5/9/2016,0.0,1.12999999523163,0.0,0.0
59,1624580081,5/10/2016,0.00999999977648258,1.91999995708466,0.0,0.0
60,1624580081,5/11/2016,0.0,2.03999996185303,0.0,0.0
61,1624580081,5/12/2016,0.00999999977648258,1.91999995708466,0.0,0.0
62,1644430081,4/12/2016,0.0,5.32999992370605,2.2999999523162797,0.14000000059604598
63,1644430081,4/13/2016,0.0,2.64000010490417,0.8999999761581421,2.27999997138977
64,1644430081,4/14/2016,0.0,5.09999990463257,2.55999994277954,0.36000001430511497
65,1644430081,4/15/2016,0.0,3.45000004768372,0.150000005960464,0.219999998807907
66,1644430081,4/16/2016,0.0,5.09000015258789,1.87999999523163,4.099999904632569
67,1644430081,4/17/2016,0.0,3.54999995231628,0.569999992847443,2.25
68,1644430081,4/18/2016,0.0,2.4500000476837203,1.66999995708466,1.0700000524520898
69,1644430081,4/19/2016,0.0,5.300000190734861,2.52999997138977,0.36000001430511497
70,1644430081,4/20/2016,0.00999999977648258,1.7599999904632602,0.0,0.0
71,1644430081,4/21/2016,0.00999999977648258,0.879999995231628,0.0,0.0
72,1644430081,4/22/2016,0.00999999977648258,2.66000008583069,0.0,0.0
73,1644430081,4/23/2016,0.0,4.25,0.5799999833106989,0.0
74,1644430081,4/24/2016,0.0,2.41000008583069,0.0,0.0
75,1644430081,4/25/2016,0.0,1.95000004768372,0.0599999986588955,0.5899999737739561
76,1644430081,4/26/2016,0.0,4.69000005722046,1.7200000286102302,0.8000000119209291
77,1644430081,4/27/2016,0.0,2.2000000476837203,0.0,0.0
78,1644430081,4/28/2016,0.0,4.30999994277954,2.3199999332428,0.200000002980232
79,1644430081,4/29/2016,0.0,2.30999994277954,0.0,0.0
80,1644430081,4/30/2016,0.0,9.46000003814697,3.14000010490417,0.6299999952316279
81,1644430081,5/1/2016,0.0,3.2300000190734903,0.9900000095367428,0.239999994635582
82,1644430081,5/2/2016,0.0,2.3499999046325697,0.31000000238418607,0.0700000002980232
83,1644430081,5/3/2016,0.0,4.53999996185303,4.09000015258789,0.720000028610229
84,1644430081,5/4/2016,0.0199999995529652,1.6599999666213998,0.0,0.0
85,1644430081,5/5/2016,0.00999999977648258,2.13000011444092,0.540000021457672,0.519999980926514
86,1644430081,5/6/2016,0.0199999995529652,6.0100002288818395,0.270000010728836,0.819999992847443
87,1644430081,5/7/2016,0.00999999977648258,5.67000007629395,0.790000021457672,3.25999999046326
88,1644430081,5/8/2016,0.0,4.88000011444092,0.0,0.0
89,1644430081,5/9/2016,0.00999999977648258,2.08999991416931,0.349999994039536,2.39000010490417
90,1644430081,5/10/2016,0.00999999977648258,4.96999979019165,0.8100000023841859,0.879999995231628
91,1644430081,5/11/2016,0.00999999977648258,0.9499999880790709,0.0,0.0
92,1844505072,4/12/2016,0.0,4.42999982833862,0.0,0.0
93,1844505072,4/13/2016,0.0,3.25999999046326,0.0,0.0
94,1844505072,4/14/2016,0.0,5.230000019073491,0.0,0.0
95,1844505072,4/15/2016,0.0,2.5399999618530296,0.0,0.0
96,1844505072,4/16/2016,0.0,2.25999999046326,0.0,0.0
97,1844505072,4/17/2016,0.0,2.58999991416931,0.259999990463257,0.14000000059604598
98,1844505072,4/18/2016,0.0,2.55999994277954,0.479999989271164,0.0
99,1844505072,4/19/2016,0.0,0.129999995231628,0.0,0.0
100,1844505072,4/20/2016,0.0,0.00999999977648258,0.0,0.0
101,1844505072,4/21/2016,0.0,4.67999982833862,0.519999980926514,0.119999997317791
102,1844505072,4/22/2016,0.0,3.54999995231628,0.0,0.0
103,1844505072,4/23/2016,0.0,2.35999989509583,0.0,0.0
104,1844505072,4/24/2016,0.0,0.0,0.0,0.0
105,1844505072,4/25/2016,0.0,0.0,0.0,0.0
106,1844505072,4/26/2016,0.0,0.0,0.0,0.0
107,1844505072,4/27/2016,0.0,0.0,0.0,0.0
108,1844505072,4/28/2016,0.0,4.55999994277954,0.0,0.0
109,1844505072,4/29/2016,0.0,3.25,0.0,0.0
110,1844505072,4/30/2016,0.0,2.6500000953674303,0.0,0.0
111,1844505072,5/1/2016,0.0,1.45000004768372,0.259999990463257,0.0
112,1844505072,5/2/2016,0.0,0.0,0.0,0.0
113,1844505072,5/3/2016,0.0,2.6800000667572,0.0,0.0
114,1844505072,5/4/2016,0.0,1.37000000476837,0.0,0.0
115,1844505072,5/5/2016,0.0,1.4800000190734899,0.0,0.0
116,1844505072,5/6/2016,0.0,0.0299999993294477,0.0,0.0
117,1844505072,5/7/2016,0.0,0.0,0.0,0.0
118,1844505072,5/8/2016,0.0,0.0,0.0,0.0
119,1844505072,5/9/2016,0.0,0.0,0.0,0.0
120,1844505072,5/10/2016,0.0,0.0,0.0,0.0
121,1844505072,5/11/2016,0.0,0.0,0.0,0.0
122,1844505072,5/12/2016,0.0,0.0,0.0,0.0
123,1927972279,4/12/2016,0.0,0.46999999880790705,0.0,0.0
124,1927972279,4/13/2016,0.0,0.25,0.0,0.0
125,1927972279,4/14/2016,0.0,1.1000000238418601,0.400000005960464,0.0
126,1927972279,4/15/2016,0.0,0.680000007152557,0.0,0.0
127,1927972279,4/16/2016,0.0,0.0,0.0,0.0
128,1927972279,4/17/2016,0.0,0.0,0.0,0.0
129,1927972279,4/18/2016,0.0,0.170000001788139,0.0,0.0
130,1927972279,4/19/2016,0.0,0.0,0.0,0.0
131,1927972279,4/20/2016,0.0,0.0,0.0,0.0
132,1927972279,4/21/2016,0.0,0.0,0.0,0.0
133,1927972279,4/22/2016,0.0,0.100000001490116,0.0,0.0
134,1927972279,4/23/2016,0.0,2.03999996185303,0.0,0.0
135,1927972279,4/24/2016,0.0,1.13999998569489,0.239999994635582,0.0700000002980232
136,1927972279,4/25/2016,0.0,0.10999999940395402,0.0,0.0
137,1927972279,4/26/2016,0.0,2.5999999046325697,0.0,0.0
138,1927972279,4/27/2016,0.0,0.0,0.0,0.0
139,1927972279,4/28/2016,0.0,1.1599999666214,0.0,0.0
140,1927972279,4/29/2016,0.0,0.0,0.0,0.0
141,1927972279,4/30/2016,0.0,0.0,0.0,0.0
142,1927972279,5/1/2016,0.0,0.8299999833106991,0.0299999993294477,1.00999999046326
143,1927972279,5/2/2016,0.0,1.1599999666214,0.30000001192092896,1.1599999666214
144,1927972279,5/3/2016,0.0,0.180000007152557,0.0,0.730000019073486
145,1927972279,5/4/2016,0.0,1.24000000953674,0.0,0.0
146,1927972279,5/5/2016,0.0,0.0,0.0,0.0
147,1927972279,5/6/2016,0.0,1.45000004768372,0.0,0.0
148,1927972279,5/7/2016,0.0,1.03999996185303,0.0,0.0
149,1927972279,5/8/2016,0.0,0.0,0.0,0.0
150,1927972279,5/9/2016,0.0,0.0,0.0,0.0
151,1927972279,5/10/2016,0.0,0.0,0.0,0.0
152,1927972279,5/11/2016,0.0,0.0,0.0,0.0
153,1927972279,5/12/2016,0.0,0.0,0.0,0.0
154,2022484408,4/12/2016,0.0,4.26000022888184,0.769999980926514,3.3099999427795397
155,2022484408,4/13/2016,0.0,5.40999984741211,0.100000001490116,2.99000000953674
156,2022484408,4/14/2016,0.0,4.82000017166138,0.209999993443489,2.4800000190734903
157,2022484408,4/15/2016,0.0,5.78000020980835,0.31000000238418607,1.9400000572204599
158,2022484408,4/16/2016,0.0,3.39000010490417,0.550000011920929,3.1500000953674303
159,2022484408,4/17/2016,0.0,6.880000114440921,0.6600000262260439,3.8699998855590803
160,2022484408,4/18/2016,0.0,6.300000190734861,0.119999997317791,3.64000010490417
161,2022484408,4/19/2016,0.0,5.0,0.239999994635582,3.2899999618530296
162,2022484408,4/20/2016,0.0,5.400000095367429,1.92999994754791,3.33999991416931
163,2022484408,4/21/2016,0.0,4.30999994277954,1.11000001430511,3.32999992370605
164,2022484408,4/22/2016,0.0,4.46999979019165,0.419999986886978,4.42999982833862
165,2022484408,4/23/2016,0.0,4.21000003814697,0.0,0.0
166,2022484408,4/24/2016,0.0,4.57999992370605,1.1499999761581399,4.550000190734861
167,2022484408,4/25/2016,0.0,4.46000003814697,0.219999998807907,3.32999992370605
168,2022484408,4/26/2016,0.0,5.1100001335144,0.6600000262260439,1.42999994754791
169,2022484408,4/27/2016,0.0,5.11999988555908,0.970000028610229,1.03999996185303
170,2022484408,4/28/2016,0.0,5.389999866485599,1.33000004291534,0.40999999642372104
171,2022484408,4/29/2016,0.0,5.5,1.21000003814697,0.479999989271164
172,2022484408,4/30/2016,0.0,10.5699996948242,1.39999997615814,0.9399999976158141
173,2022484408,5/1/2016,0.0,4.5,0.959999978542328,1.9400000572204599
174,2022484408,5/2/2016,0.0,4.32999992370605,0.34000000357627896,2.60999989509583
175,2022484408,5/3/2016,0.0,4.2800002098083505,0.46000000834465005,3.99000000953674
176,2022484408,5/4/2016,0.0,4.84999990463257,0.930000007152557,2.50999999046326
177,2022484408,5/5/2016,0.0,4.699999809265139,0.8600000143051151,2.7899999618530296
178,2022484408,5/6/2016,0.0,4.6399998664856,0.6700000166893011,1.87000000476837
179,2022484408,5/7/2016,0.0,3.0199999809265097,0.0799999982118607,1.61000001430511
180,2022484408,5/8/2016,0.0,2.30999994277954,0.0,0.0
181,2022484408,5/9/2016,0.0,5.639999866485599,1.62999999523163,2.11999988555908
182,2022484408,5/10/2016,0.0,5.55999994277954,1.21000003814697,2.22000002861023
183,2022484408,5/11/2016,0.0,3.99000000953674,1.1499999761581399,4.17999982833862
184,2022484408,5/12/2016,0.0,4.44000005722046,0.6700000166893011,1.27999997138977
185,2026352035,4/12/2016,0.0,2.2000000476837203,0.349999994039536,0.189999997615814
186,2026352035,4/13/2016,0.0,3.0999999046325697,0.0,0.0
187,2026352035,4/14/2016,0.0,2.04999995231628,0.0,0.0
188,2026352035,4/15/2016,0.0,2.36999988555908,0.0,0.0
189,2026352035,4/16/2016,0.0,1.58000004291534,0.0,0.0
190,2026352035,4/17/2016,0.0,0.519999980926514,0.0,0.0
191,2026352035,4/18/2016,0.0,2.05999994277954,0.0,0.0
192,2026352035,4/19/2016,0.0,1.5,0.0,0.0
193,2026352035,4/20/2016,0.0,4.480000019073491,0.0,0.0
194,2026352035,4/21/2016,0.0,1.5299999713897698,0.0,0.0
195,2026352035,4/22/2016,0.0,1.8099999427795401,0.0,0.0
196,2026352035,4/23/2016,0.0,7.71000003814697,0.0,0.0
197,2026352035,4/24/2016,0.0,2.16000008583069,0.0,0.0
198,2026352035,4/25/2016,0.0,3.7300000190734903,0.0,0.0
199,2026352035,4/26/2016,0.0,3.6800000667572004,0.0,0.0
200,2026352035,4/27/2016,0.0,3.7699999809265097,0.0,0.0
201,2026352035,4/28/2016,0.0,3.95000004768372,0.0,0.0
202,2026352035,4/29/2016,0.0,4.71000003814697,0.0,0.0
203,2026352035,4/30/2016,0.0,2.9300000667572004,0.0,0.0
204,2026352035,5/1/2016,0.0,2.27999997138977,0.0,0.0
205,2026352035,5/2/2016,0.0,4.349999904632569,0.0,0.0
206,2026352035,5/3/2016,0.0,3.72000002861023,0.0,0.0
207,2026352035,5/4/2016,0.0,4.07000017166138,0.0,0.0
208,2026352035,5/5/2016,0.0,7.53999996185303,0.0,0.0
209,2026352035,5/6/2016,0.0,5.07999992370605,0.0,0.0
210,2026352035,5/7/2016,0.0,2.5999999046325697,0.0,0.0
211,2026352035,5/8/2016,0.0,3.45000004768372,0.0,0.0
212,2026352035,5/9/2016,0.0,6.599999904632571,0.0,0.0
213,2026352035,5/10/2016,0.0,0.159999996423721,0.0,0.0
214,2026352035,5/11/2016,0.0,5.32000017166138,0.0,0.0
215,2026352035,5/12/2016,0.0,5.5100002288818395,0.0,0.0
216,2320127002,4/12/2016,0.0,6.0100002288818395,0.31000000238418607,1.16999995708466
217,2320127002,4/13/2016,0.0,4.90000009536743,0.0,0.0
218,2320127002,4/14/2016,0.0,2.6800000667572,0.0,0.0
219,2320127002,4/15/2016,0.0,3.50999999046326,0.0,0.0
220,2320127002,4/16/2016,0.0,3.4000000953674303,0.0,0.0
221,2320127002,4/17/2016,0.0,4.17999982833862,0.0,0.0
222,2320127002,4/18/2016,0.0,4.1399998664856,0.259999990463257,0.0
223,2320127002,4/19/2016,0.0,3.66000008583069,0.379999995231628,0.0
224,2320127002,4/20/2016,0.0,4.34000015258789,0.490000009536743,0.0
225,2320127002,4/21/2016,0.0,1.8099999427795401,0.419999986886978,0.0599999986588955
226,2320127002,4/22/2016,0.0,3.75999999046326,0.0,0.0
227,2320127002,4/23/2016,0.0,3.42000007629395,0.0,0.0
228,2320127002,4/24/2016,0.0,2.79999995231628,0.0,0.0
229,2320127002,4/25/2016,0.0,1.9900000095367398,0.200000002980232,0.23000000417232502
230,2320127002,4/26/2016,0.0,2.2999999523162797,0.0,0.0
231,2320127002,4/27/2016,0.0,1.1599999666214,0.0,0.0
232,2320127002,4/28/2016,0.0,1.02999997138977,0.0,0.0
233,2320127002,4/29/2016,0.0,0.6200000047683721,0.0,0.0
234,2320127002,4/30/2016,0.0,3.0699999332427996,0.0,0.0
235,2320127002,5/1/2016,0.0,0.519999980926514,0.0,0.0
236,2320127002,5/2/2016,0.0,1.87999999523163,0.209999993443489,0.36000001430511497
237,2320127002,5/3/2016,0.0,3.16000008583069,0.370000004768372,1.4900000095367398
238,2320127002,5/4/2016,0.0,0.8100000023841859,0.0,0.0
239,2320127002,5/5/2016,0.0,3.10999989509583,0.38999998569488503,0.0
240,2320127002,5/6/2016,0.0,3.2899999618530296,0.0,0.0
241,2320127002,5/7/2016,0.0,4.96999979019165,0.0,0.0
242,2320127002,5/8/2016,0.0,3.47000002861023,0.0,0.0
243,2320127002,5/9/2016,0.0,2.07999992370605,0.0,0.0
244,2320127002,5/10/2016,0.0,4.19999980926514,0.0,0.0
245,2320127002,5/11/2016,0.0,4.32999992370605,0.0,0.0
246,2320127002,5/12/2016,0.0,1.78999996185303,0.0,0.0
247,2347167796,4/12/2016,0.0,4.19999980926514,0.6200000047683721,2.0
248,2347167796,4/13/2016,0.0,3.41000008583069,1.9400000572204599,1.6599999666213998
249,2347167796,4/14/2016,0.0,3.9400000572204603,2.74000000953674,0.0199999995529652
250,2347167796,4/15/2016,0.0,5.42999982833862,1.41999995708466,0.0700000002980232
251,2347167796,4/16/2016,0.0,5.53000020980835,4.099999904632569,5.449999809265139
252,2347167796,4/17/2016,0.0,3.25999999046326,0.280000001192093,0.0799999982118607
253,2347167796,4/18/2016,0.0,3.7899999618530296,0.8600000143051151,0.790000021457672
254,2347167796,4/19/2016,0.0,4.44000005722046,0.0,0.0
255,2347167796,4/20/2016,0.0,4.78000020980835,1.8099999427795401,0.680000007152557
256,2347167796,4/21/2016,0.0,3.3800001144409197,1.5299999713897698,1.85000002384186
257,2347167796,4/22/2016,0.0,2.92000007629395,1.67999994754791,0.560000002384186
258,2347167796,4/23/2016,0.0,7.150000095367429,1.45000004768372,2.77999997138977
259,2347167796,4/24/2016,0.0,6.2600002288818395,0.0,0.0
260,2347167796,4/25/2016,0.0,4.59999990463257,0.519999980926514,1.26999998092651
261,2347167796,4/26/2016,0.0,3.95000004768372,0.0,0.0
262,2347167796,4/27/2016,0.0,5.32000017166138,0.400000005960464,1.86000001430511
263,2347167796,4/28/2016,0.0,3.5999999046325697,0.0,0.0
264,2347167796,4/29/2016,0.0,0.0299999993294477,0.0,0.0
265,2873212765,4/12/2016,0.0,4.88000011444092,0.930000007152557,0.10999999940395402
266,2873212765,4/13/2016,0.0199999995529652,4.88000011444092,0.219999998807907,0.0
267,2873212765,4/14/2016,0.0,5.32000017166138,0.0,0.0
268,2873212765,4/15/2016,0.00999999977648258,5.69000005722046,0.0,0.0
269,2873212765,4/16/2016,0.00999999977648258,3.50999999046326,0.0199999995529652,3.10999989509583
270,2873212765,4/17/2016,0.0,1.3400000333786,0.349999994039536,0.0
271,2873212765,4/18/2016,0.0,4.8899998664856,0.280000001192093,0.0700000002980232
272,2873212765,4/19/2016,0.0,5.3600001335144,0.0,0.0
273,2873212765,4/20/2016,0.00999999977648258,4.65999984741211,0.119999997317791,1.5099999904632602
274,2873212765,4/21/2016,0.00999999977648258,5.46999979019165,0.370000004768372,0.129999995231628
275,2873212765,4/22/2016,0.0199999995529652,4.42000007629395,0.0,0.46000000834465005
276,2873212765,4/23/2016,0.00999999977648258,4.019999980926509,0.23000000417232502,2.08999991416931
277,2873212765,4/24/2016,0.0,1.62000000476837,0.0599999986588955,3.0
278,2873212765,4/25/2016,0.0,4.949999809265139,0.0,0.0
279,2873212765,4/26/2016,0.0,5.23999977111816,0.180000007152557,0.119999997317791
280,2873212765,4/27/2016,0.0,2.35999989509583,0.0,0.0
281,2873212765,4/28/2016,0.0,2.91000008583069,0.34000000357627896,2.16000008583069
282,2873212765,4/29/2016,0.0,2.1800000667572,1.4099999666213998,1.36000001430511
283,2873212765,4/30/2016,0.00999999977648258,4.26000022888184,1.08000004291534,0.33000001311302196
284,2873212765,5/1/2016,0.0,3.4400000572204603,1.03999996185303,0.490000009536743
285,2873212765,5/2/2016,0.0199999995529652,4.82999992370605,0.209999993443489,0.0
286,2873212765,5/3/2016,0.00999999977648258,4.65999984741211,0.25,0.0599999986588955
287,2873212765,5/4/2016,0.0,5.55999994277954,0.0,0.0
288,2873212765,5/5/2016,0.0,4.0300002098083505,0.8000000119209291,0.779999971389771
289,2873212765,5/6/2016,0.00999999977648258,4.6100001335144,0.119999997317791,0.0
290,2873212765,5/7/2016,0.0,0.550000011920929,0.550000011920929,2.27999997138977
291,2873212765,5/8/2016,0.0,2.64000010490417,0.0,2.9000000953674303
292,2873212765,5/9/2016,0.0,5.19000005722046,0.0,0.0
293,2873212765,5/10/2016,0.00999999977648258,5.550000190734861,0.0,0.0
294,2873212765,5/11/2016,0.00999999977648258,4.32000017166138,0.0,0.0
295,2873212765,5/12/2016,0.0,5.1100001335144,0.0,0.0
296,3372868164,4/12/2016,0.00999999977648258,3.2300000190734903,0.0,0.0
297,3372868164,4/13/2016,0.0199999995529652,5.269999980926509,0.34000000357627896,0.9900000095367428
298,3372868164,4/14/2016,0.00999999977648258,4.65000009536743,1.02999997138977,0.34000000357627896
299,3372868164,4/15/2016,0.0199999995529652,5.05999994277954,0.0,0.0
300,3372868164,4/16/2016,0.0299999993294477,4.699999809265139,0.0,0.0
301,3372868164,4/17/2016,0.00999999977648258,4.3600001335144,0.100000001490116,1.4099999666213998
302,3372868164,4/18/2016,0.0,3.3499999046325697,0.200000002980232,1.08000004291534
303,3372868164,4/19/2016,0.0199999995529652,5.23999977111816,0.0,0.0
304,3372868164,4/20/2016,0.0199999995529652,2.38000011444092,0.0900000035762787,0.839999973773956
305,3372868164,4/21/2016,0.00999999977648258,4.6399998664856,0.259999990463257,1.1499999761581399
306,3372868164,4/22/2016,0.00999999977648258,2.60999989509583,0.0,0.0
307,3372868164,4/23/2016,0.0,3.57999992370605,0.0799999982118607,1.39999997615814
308,3372868164,4/24/2016,0.0199999995529652,3.49000000953674,0.189999997615814,0.8899999856948849
309,3372868164,4/25/2016,0.0,4.09000015258789,0.0,0.0
310,3372868164,4/26/2016,0.00999999977648258,3.8699998855590803,0.0500000007450581,1.85000002384186
311,3372868164,4/27/2016,0.00999999977648258,3.1900000572204603,0.6299999952316279,1.58000004291534
312,3372868164,4/28/2016,0.0,3.75999999046326,0.0,0.0
313,3372868164,4/29/2016,0.00999999977648258,6.21999979019165,0.0,0.0
314,3372868164,4/30/2016,0.00999999977648258,2.42000007629395,0.0900000035762787,1.05999994277954
315,3372868164,5/1/2016,0.0,2.08999991416931,0.0,0.0
316,3977333714,4/12/2016,0.0,2.00999999046326,0.910000026226044,3.0599999427795397
317,3977333714,4/13/2016,0.0,2.5499999523162797,2.13000011444092,2.02999997138977
318,3977333714,4/14/2016,0.0,3.8199999332427996,0.970000028610229,0.319999992847443
319,3977333714,4/15/2016,0.0,3.25999999046326,1.75,1.04999995231628
320,3977333714,4/16/2016,0.0,2.97000002861023,4.0,2.02999997138977
321,3977333714,4/17/2016,0.0,3.92000007629395,2.3499999046325697,0.699999988079071
322,3977333714,4/18/2016,0.0,3.8199999332427996,3.7300000190734903,0.25
323,3977333714,4/19/2016,0.0,3.9600000381469704,2.4500000476837203,2.24000000953674
324,3977333714,4/20/2016,0.0,3.27999997138977,4.349999904632569,0.200000002980232
325,3977333714,4/21/2016,0.0,4.05999994277954,0.0,0.0
326,3977333714,4/22/2016,0.0,3.0599999427795397,0.5799999833106989,2.32999992370605
327,3977333714,4/23/2016,0.0,3.8499999046325697,4.2199997901916495,0.0
328,3977333714,4/24/2016,0.0,2.17000007629395,4.55999994277954,3.2699999809265097
329,3977333714,4/25/2016,0.0,2.41000008583069,0.430000007152557,5.619999885559079
330,3977333714,4/26/2016,0.0,2.95000004768372,4.2199997901916495,0.44999998807907104
331,3977333714,4/27/2016,0.0,4.61999988555908,0.419999986886978,0.0
332,3977333714,4/28/2016,0.0,3.22000002861023,0.28999999165535,1.37000000476837
333,3977333714,4/29/2016,0.0,2.7100000381469704,1.29999995231628,3.74000000953674
334,3977333714,4/30/2016,0.0,3.41000008583069,2.09999990463257,3.6900000572204603
335,3977333714,5/1/2016,0.0,2.41000008583069,1.9800000190734899,2.67000007629395
336,3977333714,5/2/2016,0.0,3.0199999809265097,6.48000001907349,1.53999996185303
337,3977333714,5/3/2016,0.0,4.53000020980835,1.7400000095367398,3.3199999332427996
338,3977333714,5/4/2016,0.0,2.89000010490417,4.57999992370605,1.8099999427795401
339,3977333714,5/5/2016,0.0,2.7100000381469704,4.1100001335144,1.7599999904632602
340,3977333714,5/6/2016,0.0,2.67000007629395,2.50999999046326,3.10999989509583
341,3977333714,5/7/2016,0.0,3.58999991416931,4.13000011444092,0.0
342,3977333714,5/8/2016,0.0,3.17000007629395,5.23999977111816,0.680000007152557
343,3977333714,5/9/2016,0.0,3.54999995231628,5.599999904632571,0.769999980926514
344,3977333714,5/10/2016,0.0,3.3099999427795397,5.400000095367429,0.0700000002980232
345,3977333714,5/11/2016,0.0,0.129999995231628,0.0,0.370000004768372
346,4020332650,4/12/2016,0.0,5.67999982833862,0.239999994635582,0.150000005960464
347,4020332650,4/13/2016,0.0,0.0,0.0,0.0
348,4020332650,4/14/2016,0.0,0.0299999993294477,0.0,0.0
349,4020332650,4/15/2016,0.0,0.769999980926514,0.36000001430511497,0.209999993443489
350,4020332650,4/16/2016,0.0,0.5899999737739561,0.370000004768372,0.44999998807907104
351,4020332650,4/17/2016,0.0,0.00999999977648258,0.0,0.0
352,4020332650,4/18/2016,0.0,0.0399999991059303,0.0,0.0
353,4020332650,4/19/2016,0.0,0.0,0.0,0.0
354,4020332650,4/20/2016,0.0,0.0,0.0,0.0
355,4020332650,4/21/2016,0.0,0.0,0.0,0.0
356,4020332650,4/22/2016,0.0,0.0,0.0,0.0
357,4020332650,4/23/2016,0.0,0.0,0.0,0.0
358,4020332650,4/24/2016,0.0,0.0,0.0,0.0
359,4020332650,4/25/2016,0.0,0.0,0.0,0.0
360,4020332650,4/26/2016,0.0,0.0,0.0,0.0
361,4020332650,4/27/2016,0.0,0.0,0.0,0.0
362,4020332650,4/28/2016,0.0,0.0,0.0,0.0
363,4020332650,4/29/2016,0.0,0.0,0.0,0.0
364,4020332650,4/30/2016,0.0,0.0,0.0,0.0
365,4020332650,5/1/2016,0.0,0.0,0.0,0.0
366,4020332650,5/2/2016,0.0,0.28999999165535,0.0399999991059303,0.0
367,4020332650,5/3/2016,0.0500000007450581,3.1500000953674303,0.0,0.0
368,4020332650,5/4/2016,0.0,5.57999992370605,1.03999996185303,0.6700000166893011
369,4020332650,5/5/2016,0.0700000002980232,4.03999996185303,1.67999994754791,2.61999988555908
370,4020332650,5/6/2016,0.00999999977648258,3.0999999046325697,0.0,0.0
371,4020332650,5/7/2016,0.0,3.57999992370605,0.0,0.0
372,4020332650,5/8/2016,0.0,4.150000095367431,0.0,0.0
373,4020332650,5/9/2016,0.0,2.9400000572204603,0.119999997317791,0.200000002980232
374,4020332650,5/10/2016,0.0399999991059303,3.8699998855590803,0.0,0.0
375,4020332650,5/11/2016,0.0,2.32999992370605,0.170000001788139,0.10999999940395402
376,4020332650,5/12/2016,0.0,0.40999999642372104,0.0,0.0
377,4057192912,4/12/2016,0.0,3.9400000572204603,0.0,0.0
378,4057192912,4/13/2016,0.0,4.36999988555908,0.0,0.0
379,4057192912,4/14/2016,0.0,0.0,0.0,0.0
380,4057192912,4/15/2016,0.0,2.44000005722046,0.259999990463257,0.209999993443489
381,4319703577,4/12/2016,0.0,0.0,0.0,0.0
382,4319703577,4/13/2016,0.0,1.30999994277954,0.5899999737739561,0.5299999713897711
383,4319703577,4/14/2016,0.0,6.44000005722046,0.33000001311302196,0.10999999940395402
384,4319703577,4/15/2016,0.0,3.79999995231628,0.0,0.0
385,4319703577,4/16/2016,0.0,3.1800000667572004,0.0,0.0
386,4319703577,4/17/2016,0.0,0.0199999995529652,0.0,0.0
387,4319703577,4/18/2016,0.0,1.12000000476837,0.33000001311302196,0.0700000002980232
388,4319703577,4/19/2016,0.0,5.9899997711181605,0.0,0.0
389,4319703577,4/20/2016,0.0,5.30999994277954,0.680000007152557,0.0
390,4319703577,4/21/2016,0.0,0.349999994039536,0.0,0.0
391,4319703577,4/22/2016,0.0,2.15000009536743,0.8100000023841859,0.0599999986588955
392,4319703577,4/23/2016,0.0,3.3099999427795397,0.0,0.0
393,4319703577,4/24/2016,0.0,2.47000002861023,0.200000002980232,0.0599999986588955
394,4319703577,4/25/2016,0.0,5.92999982833862,0.280000001192093,0.0
395,4319703577,4/26/2016,0.0,5.15000009536743,0.9200000166893009,0.569999992847443
396,4319703577,4/27/2016,0.0,4.90999984741211,1.91999995708466,0.40999999642372104
397,4319703577,4/28/2016,0.0,5.94000005722046,0.33000001311302196,1.00999999046326
398,4319703577,4/29/2016,0.0,4.11999988555908,0.790000021457672,0.44999998807907104
399,4319703577,4/30/2016,0.0,3.50999999046326,1.61000001430511,0.400000005960464
400,4319703577,5/1/2016,0.0,0.839999973773956,0.0,0.0
401,4319703577,5/2/2016,0.0,5.71000003814697,0.439999997615814,0.0
402,4319703577,5/3/2016,0.0,4.82999992370605,1.0700000524520898,0.5799999833106989
403,4319703577,5/4/2016,0.0,5.849999904632571,0.5799999833106989,0.5899999737739561
404,4319703577,5/5/2016,0.0,5.449999809265139,1.4099999666213998,2.63000011444092
405,4319703577,5/6/2016,0.0,5.46000003814697,0.46999999880790705,0.40999999642372104
406,4319703577,5/7/2016,0.0,4.07999992370605,1.04999995231628,0.189999997615814
407,4319703577,5/8/2016,0.0,2.4600000381469704,0.0,0.0
408,4319703577,5/9/2016,0.0,6.25,0.560000002384186,0.14000000059604598
409,4319703577,5/10/2016,0.0,5.699999809265139,0.46000000834465005,0.209999993443489
410,4319703577,5/11/2016,0.0,5.17999982833862,0.7400000095367428,0.200000002980232
411,4319703577,5/12/2016,0.0,0.00999999977648258,0.0,0.0
412,4388161847,4/12/2016,0.0,0.0,0.0,0.0
413,4388161847,4/13/2016,0.0,3.8800001144409197,0.6299999952316279,0.0599999986588955
414,4388161847,4/14/2016,0.0,5.619999885559079,1.0700000524520898,0.129999995231628
415,4388161847,4/15/2016,0.0,6.73000001907349,0.0,0.0
416,4388161847,4/16/2016,0.0,4.449999809265139,0.400000005960464,0.209999993443489
417,4388161847,4/17/2016,0.0,3.57999992370605,0.0,0.0
418,4388161847,4/18/2016,0.0,5.1399998664856,0.400000005960464,3.5599999427795397
419,4388161847,4/19/2016,0.0,5.76999998092651,0.6899999976158139,1.37000000476837
420,4388161847,4/20/2016,0.0,5.28999996185303,1.7200000286102302,1.1000000238418601
421,4388161847,4/21/2016,0.0,6.98000001907349,0.38999998569488503,0.370000004768372
422,4388161847,4/22/2016,0.0,4.92000007629395,1.11000001430511,3.29999995231628
423,4388161847,4/23/2016,0.0,5.34999990463257,0.319999992847443,4.5
424,4388161847,4/24/2016,0.0,6.300000190734861,0.509999990463257,1.08000004291534
425,4388161847,4/25/2016,0.0,7.84000015258789,1.39999997615814,0.730000019073486
426,4388161847,4/26/2016,0.0,5.269999980926509,1.05999994277954,0.9399999976158141
427,4388161847,4/27/2016,0.0,5.389999866485599,2.50999999046326,0.699999988079071
428,4388161847,4/28/2016,0.0,6.03000020980835,0.430000007152557,1.28999996185303
429,4388161847,4/29/2016,0.0,5.42000007629395,0.8899999856948849,0.8000000119209291
430,4388161847,4/30/2016,0.0,6.94000005722046,2.0,0.699999988079071
431,4388161847,5/1/2016,0.0,6.199999809265139,0.680000007152557,1.00999999046326
432,4388161847,5/2/2016,0.0,4.550000190734861,0.0799999982118607,3.7699999809265097
433,4388161847,5/3/2016,0.0,7.880000114440921,0.779999971389771,1.12999999523163
434,4388161847,5/4/2016,0.0,5.800000190734861,0.930000007152557,2.7899999618530296
435,4388161847,5/5/2016,0.0,5.09000015258789,1.66999995708466,0.6299999952316279
436,4388161847,5/6/2016,0.0,5.92999982833862,2.08999991416931,2.10999989509583
437,4388161847,5/7/2016,0.0,5.32999992370605,2.7699999809265097,9.44999980926514
438,4388161847,5/8/2016,0.0,3.2300000190734903,1.25999999046326,9.89000034332275
439,4388161847,5/9/2016,0.0,6.78999996185303,0.730000019073486,0.34000000357627896
440,4388161847,5/10/2016,0.0,6.46000003814697,0.6499999761581421,0.8100000023841859
441,4388161847,5/11/2016,0.0,6.53000020980835,0.790000021457672,0.5299999713897711
442,4388161847,5/12/2016,0.0,2.58999991416931,0.0,0.0
443,4445114986,4/12/2016,0.0,2.2000000476837203,0.0,0.0
444,4445114986,4/13/2016,0.0,1.9900000095367398,0.0,0.0
445,4445114986,4/14/2016,0.0,2.67000007629395,0.0,0.0
446,4445114986,4/15/2016,0.0,4.82999992370605,0.0,0.0
447,4445114986,4/16/2016,0.0,2.6500000953674303,0.0,0.0
448,4445114986,4/17/2016,0.0,1.5199999809265101,0.0,0.0
449,4445114986,4/18/2016,0.0,1.95000004768372,0.28999999165535,2.0
450,4445114986,4/19/2016,0.0,1.38999998569489,0.0,0.0
451,4445114986,4/20/2016,0.0,1.38999998569489,0.0,0.0
452,4445114986,4/21/2016,0.0,2.5399999618530296,0.0,0.0
453,4445114986,4/22/2016,0.0,4.57999992370605,0.0,0.0
454,4445114986,4/23/2016,0.0,2.9300000667572004,0.0,0.0
455,4445114986,4/24/2016,0.0,3.35999989509583,0.0,0.0
456,4445114986,4/25/2016,0.0,2.2699999809265097,0.0,0.0
457,4445114986,4/26/2016,0.0,1.96000003814697,0.0399999991059303,2.41000008583069
458,4445114986,4/27/2016,0.0,2.38000011444092,0.0299999993294477,2.61999988555908
459,4445114986,4/28/2016,0.0,3.00999999046326,0.0,0.0
460,4445114986,4/29/2016,0.0,3.1300001144409197,0.0,0.0
461,4445114986,4/30/2016,0.0,4.17999982833862,0.0,0.0
462,4445114986,5/1/2016,0.0,3.50999999046326,0.0,0.0
463,4445114986,5/2/2016,0.0,2.3499999046325697,0.189999997615814,2.2100000381469704
464,4445114986,5/3/2016,0.0,2.57999992370605,0.10999999940395402,2.4800000190734903
465,4445114986,5/4/2016,0.0,1.96000003814697,0.0,0.0
466,4445114986,5/5/2016,0.0,2.1800000667572,0.239999994635582,0.119999997317791
467,4445114986,5/6/2016,0.0,3.02999997138977,0.0,0.0
468,4445114986,5/7/2016,0.0,1.25,0.189999997615814,2.13000011444092
469,4445114986,5/8/2016,0.0,4.65000009536743,0.25,0.0
470,4445114986,5/9/2016,0.0,3.5399999618530296,0.0,0.0
471,4445114986,5/10/2016,0.0,2.63000011444092,0.0,0.0
472,4445114986,5/11/2016,0.0,2.85999989509583,1.0,2.25
473,4445114986,5/12/2016,0.0,0.519999980926514,0.0,0.0
474,4558609924,4/12/2016,0.0,3.39000010490417,0.0,0.0
475,4558609924,4/13/2016,0.0,1.61000001430511,0.439999997615814,1.24000000953674
476,4558609924,4/14/2016,0.0,4.48999977111816,0.0,0.0
477,4558609924,4/15/2016,0.0,3.7300000190734903,0.839999973773956,0.5899999737739561
478,4558609924,4/16/2016,0.0,3.5,0.75,0.550000011920929
479,4558609924,4/17/2016,0.0,4.71000003814697,1.13999998569489,0.550000011920929
480,4558609924,4/18/2016,0.0,4.0,0.930000007152557,0.980000019073486
481,4558609924,4/19/2016,0.0,3.16000008583069,0.36000001430511497,0.0500000007450581
482,4558609924,4/20/2016,0.0,3.17000007629395,0.0,0.0
483,4558609924,4/21/2016,0.0,7.699999809265139,0.970000028610229,0.419999986886978
484,4558609924,4/22/2016,0.0,3.47000002861023,1.5,1.37000000476837
485,4558609924,4/23/2016,0.0,4.01000022888184,0.200000002980232,0.34000000357627896
486,4558609924,4/24/2016,0.0,5.650000095367429,0.0,0.0
487,4558609924,4/25/2016,0.0,4.51000022888184,0.25,0.5899999737739561
488,4558609924,4/26/2016,0.0,3.58999991416931,2.02999997138977,0.430000007152557
489,4558609924,4/27/2016,0.0,3.4600000381469704,0.8899999856948849,1.96000003814697
490,4558609924,4/28/2016,0.0,5.949999809265139,0.270000010728836,0.0199999995529652
491,4558609924,4/29/2016,0.0,2.30999994277954,1.85000002384186,1.01999998092651
492,4558609924,4/30/2016,0.0,4.46000003814697,1.88999998569489,0.46999999880790705
493,4558609924,5/1/2016,0.0,2.2699999809265097,0.0,0.0
494,4558609924,5/2/2016,0.0,5.21999979019165,0.0,0.0
495,4558609924,5/3/2016,0.0,2.5999999046325697,0.280000001192093,0.6000000238418579
496,4558609924,5/4/2016,0.0,3.4600000381469704,0.0,0.0
497,4558609924,5/5/2016,0.0,5.5100002288818395,0.5,1.00999999046326
498,4558609924,5/6/2016,0.0,2.4800000190734903,0.0,0.0
499,4558609924,5/7/2016,0.0,2.82999992370605,1.0,1.61000001430511
500,4558609924,5/8/2016,0.0,2.01999998092651,0.5,1.79999995231628
501,4558609924,5/9/2016,0.0,5.51999998092651,1.62000000476837,0.430000007152557
502,4558609924,5/10/2016,0.0,2.39000010490417,1.12000000476837,0.7400000095367428
503,4558609924,5/11/2016,0.0,3.9400000572204603,1.82000005245209,0.259999990463257
504,4558609924,5/12/2016,0.0,4.17000007629395,0.0,0.0
505,4702921684,4/12/2016,0.0,5.849999904632571,0.0,0.0
506,4702921684,4/13/2016,0.0,5.57999992370605,0.0,0.0
507,4702921684,4/14/2016,0.0,6.369999885559079,0.0,0.0
508,4702921684,4/15/2016,0.0,4.78999996185303,0.419999986886978,0.0700000002980232
509,4702921684,4/16/2016,0.0,7.53999996185303,1.25,0.239999994635582
510,4702921684,4/17/2016,0.0,5.880000114440921,3.4600000381469704,0.959999978542328
511,4702921684,4/18/2016,0.0,4.07000017166138,1.4900000095367398,1.82000005245209
512,4702921684,4/19/2016,0.0,4.19000005722046,0.370000004768372,0.879999995231628
513,4702921684,4/20/2016,0.0,5.73000001907349,1.23000001907349,0.159999996423721
514,4702921684,4/21/2016,0.0,2.9400000572204603,2.04999995231628,0.31000000238418607
515,4702921684,4/22/2016,0.0,1.35000002384186,0.0,0.0
516,4702921684,4/23/2016,0.0,8.27000045776367,3.24000000953674,0.7599999904632572
517,4702921684,4/24/2016,0.0,5.880000114440921,5.11999988555908,1.20000004768372
518,4702921684,4/25/2016,0.0,6.110000133514401,0.819999992847443,0.490000009536743
519,4702921684,4/26/2016,0.0,4.53999996185303,0.349999994039536,0.0700000002980232
520,4702921684,4/27/2016,0.0,4.78000020980835,0.8000000119209291,0.0900000035762787
521,4702921684,4/28/2016,0.0,5.76999998092651,0.419999986886978,1.12999999523163
522,4702921684,4/29/2016,0.0,6.07000017166138,0.9200000166893009,1.05999994277954
523,4702921684,4/30/2016,0.0,5.880000114440921,2.02999997138977,0.319999992847443
524,4702921684,5/1/2016,0.0,0.0,0.0,0.0
525,4702921684,5/2/2016,0.0,3.75999999046326,1.7400000095367398,0.379999995231628
526,4702921684,5/3/2016,0.0,7.67000007629395,0.0,0.0
527,4702921684,5/4/2016,0.0,5.53999996185303,0.730000019073486,0.34000000357627896
528,4702921684,5/5/2016,0.0,6.09000015258789,0.219999998807907,0.6700000166893011
529,4702921684,5/6/2016,0.0,4.86999988555908,0.6600000262260439,0.0799999982118607
530,4702921684,5/7/2016,0.0,8.97000026702881,2.30999994277954,0.370000004768372
531,4702921684,5/8/2016,0.0,3.5399999618530296,6.21000003814697,0.680000007152557
532,4702921684,5/9/2016,0.0,6.099999904632571,0.569999992847443,0.0
533,4702921684,5/10/2016,0.0,6.650000095367429,1.87999999523163,0.0799999982118607
534,4702921684,5/11/2016,0.0,4.980000019073491,2.16000008583069,0.779999971389771
535,4702921684,5/12/2016,0.0,2.2300000190734903,0.0,0.0
536,5553957443,4/12/2016,0.0,5.40999984741211,0.790000021457672,1.37000000476837
537,5553957443,4/13/2016,0.0,3.16000008583069,0.0,0.0
538,5553957443,4/14/2016,0.0,4.67000007629395,2.4500000476837203,4.0
539,5553957443,4/15/2016,0.0,4.71000003814697,1.9800000190734899,4.15999984741211
540,5553957443,4/16/2016,0.0,3.7699999809265097,0.0,0.0
541,5553957443,4/17/2016,0.0,0.430000007152557,0.0,0.0
542,5553957443,4/18/2016,0.0,2.4300000667572,0.0,0.0
543,5553957443,4/19/2016,0.0,4.17999982833862,1.6599999666213998,4.2800002098083505
544,5553957443,4/20/2016,0.0,1.7699999809265101,0.0,0.0
545,5553957443,4/21/2016,0.0,2.9600000381469704,2.16000008583069,2.95000004768372
546,5553957443,4/22/2016,0.0,5.599999904632571,0.6299999952316279,1.37999999523163
547,5553957443,4/23/2016,0.0,2.6800000667572,0.0,0.0
548,5553957443,4/24/2016,0.0,1.17999994754791,0.0,0.0
549,5553957443,4/25/2016,0.0,3.6900000572204603,0.569999992847443,2.9300000667572004
550,5553957443,4/26/2016,0.0,4.46000003814697,0.930000007152557,2.36999988555908
551,5553957443,4/27/2016,0.0,4.73999977111816,1.0,1.13999998569489
552,5553957443,4/28/2016,0.0,3.17000007629395,0.75,3.7100000381469704
553,5553957443,4/29/2016,0.0,4.90999984741211,0.639999985694885,2.7899999618530296
554,5553957443,4/30/2016,0.0,0.779999971389771,0.0,0.0
555,5553957443,5/1/2016,0.0,3.3699998855590803,0.0,0.0
556,5553957443,5/2/2016,0.0,4.90000009536743,0.40999999642372104,1.05999994277954
557,5553957443,5/3/2016,0.0,5.67999982833862,1.20000004768372,1.5
558,5553957443,5/4/2016,0.0,2.7699999809265097,0.0,0.0
559,5553957443,5/5/2016,0.0,4.42999982833862,1.6599999666213998,3.4300000667572004
560,5553957443,5/6/2016,0.0,4.230000019073491,0.540000021457672,1.5199999809265101
561,5553957443,5/7/2016,0.0,1.22000002861023,0.0,0.0
562,5553957443,5/8/2016,0.0,3.29999995231628,0.46999999880790705,0.219999998807907
563,5553957443,5/9/2016,0.0,4.55999994277954,0.8899999856948849,2.13000011444092
564,5553957443,5/10/2016,0.0,5.199999809265139,1.61000001430511,3.8699998855590803
565,5553957443,5/11/2016,0.0,3.22000002861023,0.0,0.0
566,5553957443,5/12/2016,0.0,1.05999994277954,0.400000005960464,0.5799999833106989
567,5577150313,4/12/2016,0.0,2.09999990463257,0.379999995231628,3.5999999046325697
568,5577150313,4/13/2016,0.0,3.25,0.219999998807907,0.319999992847443
569,5577150313,4/14/2016,0.0,2.77999997138977,0.31000000238418607,3.32999992370605
570,5577150313,4/15/2016,0.0,3.5599999427795397,1.60000002384186,3.92000007629395
571,5577150313,4/16/2016,0.0,2.7300000190734903,1.27999997138977,6.639999866485599
572,5577150313,4/17/2016,0.0,2.3199999332428,0.8299999833106991,5.98000001907349
573,5577150313,4/18/2016,0.0,1.82000005245209,0.720000028610229,4.8600001335144
574,5577150313,4/19/2016,0.0,1.7599999904632602,0.639999985694885,7.01999998092651
575,5577150313,4/20/2016,0.0,1.7599999904632602,0.34000000357627896,4.11999988555908
576,5577150313,4/21/2016,0.0,2.77999997138977,1.6599999666213998,3.6500000953674303
577,5577150313,4/22/2016,0.0,3.29999995231628,0.790000021457672,2.42000007629395
578,5577150313,4/23/2016,0.0,4.1399998664856,0.36000001430511497,1.21000003814697
579,5577150313,4/24/2016,0.0,1.9800000190734899,2.15000009536743,7.650000095367429
580,5577150313,4/25/2016,0.0,2.75999999046326,0.6700000166893011,1.35000002384186
581,5577150313,4/26/2016,0.0,2.47000002861023,0.6499999761581421,0.8500000238418579
582,5577150313,4/27/2016,0.0,2.9300000667572004,0.400000005960464,1.8099999427795401
583,5577150313,4/28/2016,0.0,3.00999999046326,1.16999995708466,3.25
584,5577150313,4/29/2016,0.0,2.47000002861023,0.610000014305115,2.83999991416931
585,5577150313,4/30/2016,0.0,2.60999989509583,0.790000021457672,5.82999992370605
586,5577150313,5/1/2016,0.0,3.24000000953674,1.4400000572204599,5.30999994277954
587,5577150313,5/2/2016,0.0,4.07000017166138,0.349999994039536,1.12000000476837
588,5577150313,5/3/2016,0.0,3.5699999332427996,0.150000005960464,4.519999980926509
589,5577150313,5/4/2016,0.0,2.07999992370605,0.25,1.5599999427795401
590,5577150313,5/5/2016,0.0,2.67000007629395,0.46999999880790705,2.5
591,5577150313,5/6/2016,0.0,1.45000004768372,0.319999992847443,1.92999994754791
592,5577150313,5/7/2016,0.0,0.0,0.0,0.0
593,5577150313,5/8/2016,0.0,0.0,0.0,0.0
594,5577150313,5/9/2016,0.0,0.9900000095367428,0.14000000059604598,1.42999994754791
595,5577150313,5/10/2016,0.0,3.3499999046325697,0.75,2.55999994277954
596,5577150313,5/11/2016,0.0,0.8899999856948849,0.30000001192092896,1.83000004291534
597,6117666160,4/12/2016,0.0,0.0,0.0,0.0
598,6117666160,4/13/2016,0.0,0.0,0.0,0.0
599,6117666160,4/14/2016,0.0,0.0,0.0,0.0
600,6117666160,4/15/2016,0.0,10.3000001907349,0.280000001192093,0.0
601,6117666160,4/16/2016,0.0,9.47999954223633,0.8500000238418579,0.5799999833106989
602,6117666160,4/17/2016,0.0,5.400000095367429,0.0,0.0
603,6117666160,4/18/2016,0.0,3.89000010490417,0.0,0.0
604,6117666160,4/19/2016,0.0,8.409999847412111,0.0,0.0
605,6117666160,4/20/2016,0.0,5.51999998092651,0.479999989271164,2.02999997138977
606,6117666160,4/21/2016,0.0,5.619999885559079,0.400000005960464,0.980000019073486
607,6117666160,4/22/2016,0.0,6.199999809265139,0.0,0.0
608,6117666160,4/23/2016,0.0,8.68000030517578,0.0,0.0
609,6117666160,4/24/2016,0.0,5.7600002288818395,0.0,0.0
610,6117666160,4/25/2016,0.0,0.0,0.0,0.0
611,6117666160,4/26/2016,0.0,6.869999885559079,0.34000000357627896,0.0
612,6117666160,4/27/2016,0.0,7.110000133514401,0.0,0.0
613,6117666160,4/28/2016,0.0,2.5999999046325697,0.0,0.0
614,6117666160,4/29/2016,0.0,7.2399997711181605,0.0,0.0
615,6117666160,4/30/2016,0.0,5.28000020980835,0.0,0.0
616,6117666160,5/1/2016,0.0,6.73000001907349,0.0,0.0
617,6117666160,5/2/2016,0.0,3.7300000190734903,0.0,0.0
618,6117666160,5/3/2016,0.0,0.0,0.0,0.0
619,6117666160,5/4/2016,0.0,2.25999999046326,0.0,0.0
620,6117666160,5/5/2016,0.0,7.400000095367429,0.0,0.0
621,6117666160,5/6/2016,0.0,2.6800000667572,0.0,0.0
622,6117666160,5/7/2016,0.0,5.53999996185303,0.0,0.0
623,6117666160,5/8/2016,0.0,5.53000020980835,0.0,0.0
624,6117666160,5/9/2016,0.0,3.3800001144409197,0.0,0.0
625,6290855005,4/12/2016,0.0,3.45000004768372,0.0,0.0
626,6290855005,4/13/2016,0.00999999977648258,5.389999866485599,0.0,0.0
627,6290855005,4/14/2016,0.0299999993294477,5.76999998092651,0.0,0.0
628,6290855005,4/15/2016,0.00999999977648258,7.17000007629395,0.0,0.0
629,6290855005,4/16/2016,0.00999999977648258,6.26999998092651,0.0,0.0
630,6290855005,4/17/2016,0.0,4.0,0.790000021457672,1.13999998569489
631,6290855005,4/18/2016,0.0199999995529652,5.19000005722046,0.0,0.0
632,6290855005,4/19/2016,0.00999999977648258,5.389999866485599,0.0,0.0
633,6290855005,4/20/2016,0.00999999977648258,4.800000190734861,0.0,0.0
634,6290855005,4/21/2016,0.0,0.0,0.0,0.0
635,6290855005,4/22/2016,0.0,4.71999979019165,0.0,0.0
636,6290855005,4/23/2016,0.0,0.0,0.0,0.0
637,6290855005,4/24/2016,0.0,4.46000003814697,0.0,0.0
638,6290855005,4/25/2016,0.00999999977648258,5.03000020980835,0.180000007152557,0.680000007152557
639,6290855005,4/26/2016,0.0,0.0,0.0,0.0
640,6290855005,4/27/2016,0.0299999993294477,4.17999982833862,0.0,0.0
641,6290855005,4/28/2016,0.0,4.32999992370605,0.0,0.0
642,6290855005,4/29/2016,0.0,0.0,0.0,0.0
643,6290855005,4/30/2016,0.00999999977648258,5.09000015258789,0.0,0.0
644,6290855005,5/1/2016,0.0199999995529652,4.0,2.75,0.6600000262260439
645,6290855005,5/2/2016,0.0199999995529652,5.1100001335144,0.0,0.0
646,6290855005,5/3/2016,0.0,4.57000017166138,0.0,0.0
647,6290855005,5/4/2016,0.00999999977648258,4.40000009536743,0.0,0.0
648,6290855005,5/5/2016,0.0,4.78999996185303,0.0,0.0
649,6290855005,5/6/2016,0.0299999993294477,4.59000015258789,0.0,0.0
650,6290855005,5/7/2016,0.0,4.15999984741211,0.0,0.0
651,6290855005,5/8/2016,0.0,5.82000017166138,0.0,0.0
652,6290855005,5/9/2016,0.0199999995529652,4.730000019073491,0.0,0.0
653,6290855005,5/10/2016,0.0,0.0,0.0,0.0
654,6775888955,4/12/2016,0.0,0.0,0.0,0.0
655,6775888955,4/13/2016,0.0,1.22000002861023,0.5799999833106989,1.11000001430511
656,6775888955,4/14/2016,0.0,1.9700000286102302,0.8600000143051151,0.870000004768372
657,6775888955,4/15/2016,0.0,0.9200000166893009,0.0,0.0
658,6775888955,4/16/2016,0.0,0.0599999986588955,0.8100000023841859,2.5199999809265097
659,6775888955,4/17/2016,0.0,0.31000000238418607,1.12999999523163,0.349999994039536
660,6775888955,4/18/2016,0.0,3.17000007629395,0.769999980926514,2.0
661,6775888955,4/19/2016,0.0,0.0,0.0,0.0
662,6775888955,4/20/2016,0.0,2.22000002861023,1.7400000095367398,3.7699999809265097
663,6775888955,4/21/2016,0.0,0.0,0.0,0.0
664,6775888955,4/22/2016,0.0,0.46000000834465005,0.0,0.0
665,6775888955,4/23/2016,0.0,0.0,0.0,0.0
666,6775888955,4/24/2016,0.0,0.150000005960464,0.6200000047683721,0.769999980926514
667,6775888955,4/25/2016,0.0,1.89999997615814,0.46000000834465005,2.2699999809265097
668,6775888955,4/26/2016,0.0,0.730000019073486,0.870000004768372,3.4800000190734903
669,6775888955,4/27/2016,0.0,0.0,0.0,0.0
670,6775888955,4/28/2016,0.0,0.239999994635582,0.200000002980232,0.0599999986588955
671,6775888955,4/29/2016,0.0,0.0,0.0,0.0
672,6775888955,4/30/2016,0.0,1.4800000190734899,0.159999996423721,0.159999996423721
673,6775888955,5/1/2016,0.0,0.680000007152557,0.6200000047683721,0.479999989271164
674,6775888955,5/2/2016,0.0,0.0,0.0,0.0
675,6775888955,5/3/2016,0.0,0.00999999977648258,0.0,0.0
676,6775888955,5/4/2016,0.0,0.0,0.0,0.0
677,6775888955,5/5/2016,0.0,0.0,0.0,0.0
678,6775888955,5/6/2016,0.0,1.92999994754791,0.930000007152557,0.46999999880790705
679,6775888955,5/7/2016,0.0,1.04999995231628,0.239999994635582,0.129999995231628
680,6962181067,4/12/2016,0.0,2.50999999046326,0.8299999833106991,3.4000000953674303
681,6962181067,4/13/2016,0.0,1.96000003814697,1.21000003814697,0.569999992847443
682,6962181067,4/14/2016,0.0,1.02999997138977,0.0,0.0
683,6962181067,4/15/2016,0.0,3.6800000667572004,0.0,0.0
684,6962181067,4/16/2016,0.0,4.88000011444092,0.189999997615814,3.66000008583069
685,6962181067,4/17/2016,0.0,5.69000005722046,0.680000007152557,0.33000001311302196
686,6962181067,4/18/2016,0.0,4.32000017166138,2.39000010490417,0.8299999833106991
687,6962181067,4/19/2016,0.0,2.8699998855590803,2.13000011444092,2.09999990463257
688,6962181067,4/20/2016,0.0,5.09000015258789,0.189999997615814,4.2800002098083505
689,6962181067,4/21/2016,0.10999999940395402,3.50999999046326,2.09999990463257,3.99000000953674
690,6962181067,4/22/2016,0.0,3.7699999809265097,1.54999995231628,1.7699999809265101
691,6962181067,4/23/2016,0.0,7.03999996185303,2.0,4.19999980926514
692,6962181067,4/24/2016,0.0,3.3199999332427996,0.0,0.0
693,6962181067,4/25/2016,0.100000001490116,4.46000003814697,1.67999994754791,3.0199999809265097
694,6962181067,4/26/2016,0.0,3.9000000953674303,0.419999986886978,2.57999992370605
695,6962181067,4/27/2016,0.0,4.25,2.01999998092651,0.550000011920929
696,6962181067,4/28/2016,0.0,5.59000015258789,0.239999994635582,2.50999999046326
697,6962181067,4/29/2016,0.0,5.80999994277954,0.479999989271164,0.819999992847443
698,6962181067,4/30/2016,0.0,3.67000007629395,0.7599999904632572,2.24000000953674
699,6962181067,5/1/2016,0.0,3.60999989509583,0.0,0.0
700,6962181067,5/2/2016,0.0,5.34000015258789,2.0,1.20000004768372
701,6962181067,5/3/2016,0.0,4.32999992370605,2.03999996185303,1.7400000095367398
702,6962181067,5/4/2016,0.0,4.550000190734861,1.67999994754791,0.46999999880790705
703,6962181067,5/5/2016,0.0,4.80999994277954,1.1599999666214,0.9900000095367428
704,6962181067,5/6/2016,0.0,3.91000008583069,0.0,0.0
705,6962181067,5/7/2016,0.0,4.5,0.0,0.0
706,6962181067,5/8/2016,0.0,2.25,0.519999980926514,0.0
707,6962181067,5/9/2016,0.0,3.6500000953674303,1.17999994754791,3.9000000953674303
708,6962181067,5/10/2016,0.0,4.98999977111816,1.75,3.47000002861023
709,6962181067,5/11/2016,0.0,2.6500000953674303,0.31000000238418607,1.4900000095367398
710,6962181067,5/12/2016,0.0,2.10999989509583,0.25,0.0
711,7007744171,4/12/2016,0.0,5.40999984741211,0.379999995231628,4.5
712,7007744171,4/13/2016,0.0,4.480000019073491,0.560000002384186,4.6100001335144
713,7007744171,4/14/2016,0.0,4.96000003814697,0.34000000357627896,2.95000004768372
714,7007744171,4/15/2016,0.0,3.52999997138977,0.0,0.0
715,7007744171,4/16/2016,0.0,3.0999999046325697,0.0,0.0
716,7007744171,4/17/2016,0.0,5.389999866485599,0.0,0.0
717,7007744171,4/18/2016,0.0199999995529652,5.050000190734861,2.11999988555908,3.7899999618530296
718,7007744171,4/19/2016,0.0,5.30999994277954,0.7599999904632572,4.40999984741211
719,7007744171,4/20/2016,0.0,5.860000133514401,0.6700000166893011,4.78999996185303
720,7007744171,4/21/2016,0.0,5.17000007629395,1.87000000476837,2.15000009536743
721,7007744171,4/22/2016,0.0,4.36999988555908,1.7599999904632602,4.099999904632569
722,7007744171,4/23/2016,0.0,4.150000095367431,1.12999999523163,0.129999995231628
723,7007744171,4/24/2016,0.0,7.42000007629395,0.0,0.0
724,7007744171,4/25/2016,0.0,7.67000007629395,1.37000000476837,4.30999994277954
725,7007744171,4/26/2016,0.0,8.22999954223633,0.9399999976158141,0.930000007152557
726,7007744171,4/27/2016,0.0,5.28999996185303,0.6600000262260439,4.269999980926509
727,7007744171,4/28/2016,0.0,8.26000022888184,0.769999980926514,1.0900000333786
728,7007744171,4/29/2016,0.0,7.949999809265139,2.04999995231628,4.30999994277954
729,7007744171,4/30/2016,0.0,2.5199999809265097,0.0,0.0
730,7007744171,5/1/2016,0.0,3.75,0.0,0.0
731,7007744171,5/2/2016,0.0,3.82999992370605,0.699999988079071,4.6399998664856
732,7007744171,5/3/2016,0.0,5.3600001335144,1.01999998092651,4.480000019073491
733,7007744171,5/4/2016,0.0,0.0,0.0,0.0
734,7007744171,5/5/2016,0.0,5.48000001907349,1.28999996185303,4.32999992370605
735,7007744171,5/6/2016,0.0,3.85999989509583,0.8100000023841859,3.0
736,7007744171,5/7/2016,0.0,0.0,0.0,0.0
737,7086361926,4/12/2016,0.0,2.97000002861023,0.150000005960464,5.269999980926509
738,7086361926,4/13/2016,0.0,2.83999991416931,0.209999993443489,0.560000002384186
739,7086361926,4/14/2016,0.0,3.66000008583069,0.33000001311302196,2.02999997138977
740,7086361926,4/15/2016,0.0,2.52999997138977,1.11000001430511,2.03999996185303
741,7086361926,4/16/2016,0.0,0.00999999977648258,0.0,0.0
742,7086361926,4/17/2016,0.0,0.0,0.0,0.0
743,7086361926,4/18/2016,0.0,2.30999994277954,1.22000002861023,3.17000007629395
744,7086361926,4/19/2016,0.0,2.50999999046326,1.23000001907349,3.52999997138977
745,7086361926,4/20/2016,0.0,2.5399999618530296,0.44999998807907104,7.639999866485599
746,7086361926,4/21/2016,0.0,4.51000022888184,0.30000001192092896,1.36000001430511
747,7086361926,4/22/2016,0.0,2.67000007629395,0.970000028610229,2.8699998855590803
748,7086361926,4/23/2016,0.0,1.79999995231628,0.0,0.0
749,7086361926,4/24/2016,0.0,2.15000009536743,0.0,0.0
750,7086361926,4/25/2016,0.0,2.36999988555908,0.699999988079071,3.75
751,7086361926,4/26/2016,0.0,2.11999988555908,0.769999980926514,4.15999984741211
752,7086361926,4/27/2016,0.0,2.52999997138977,0.180000007152557,5.630000114440921
753,7086361926,4/28/2016,0.0,3.35999989509583,1.63999998569489,2.7899999618530296
754,7086361926,4/29/2016,0.0,4.0,0.44999998807907104,0.490000009536743
755,7086361926,4/30/2016,0.0,5.23999977111816,1.03999996185303,3.1199998855590803
756,7086361926,5/1/2016,0.0,4.84999990463257,0.8999999761581421,2.2999999523162797
757,7086361926,5/2/2016,0.0,2.66000008583069,0.6600000262260439,3.4800000190734903
758,7086361926,5/3/2016,0.0,3.16000008583069,0.8500000238418579,2.74000000953674
759,7086361926,5/4/2016,0.0,2.9000000953674303,0.119999997317791,5.28000020980835
760,7086361926,5/5/2016,0.0,2.95000004768372,0.8299999833106991,1.7799999713897698
761,7086361926,5/6/2016,0.0,3.1199998855590803,1.42999994754791,3.8199999332427996
762,7086361926,5/7/2016,0.0,4.67999982833862,2.32999992370605,1.46000003814697
763,7086361926,5/8/2016,0.0,3.25,1.5299999713897698,2.30999994277954
764,7086361926,5/9/2016,0.0,3.1199998855590803,1.71000003814697,4.26000022888184
765,7086361926,5/10/2016,0.0,2.4500000476837203,1.20000004768372,7.110000133514401
766,7086361926,5/11/2016,0.0,2.2300000190734903,1.38999998569489,2.89000010490417
767,7086361926,5/12/2016,0.0,1.88999998569489,0.270000010728836,0.379999995231628
768,8053475328,4/12/2016,0.0,2.09999990463257,0.38999998569488503,11.640000343322802
769,8053475328,4/13/2016,0.0,2.4500000476837203,0.46999999880790705,10.4300003051758
770,8053475328,4/14/2016,0.0,3.35999989509583,0.209999993443489,12.3400001525879
771,8053475328,4/15/2016,0.0,2.58999991416931,0.38999998569488503,13.2600002288818
772,8053475328,4/16/2016,0.0,1.4900000095367398,0.270000010728836,9.35999965667725
773,8053475328,4/17/2016,0.0,3.64000010490417,0.8000000119209291,9.23999977111816
774,8053475328,4/18/2016,0.0,3.3499999046325697,0.23000000417232502,9.079999923706051
775,8053475328,4/19/2016,0.0,2.95000004768372,0.31000000238418607,9.22000026702881
776,8053475328,4/20/2016,0.0,2.38000011444092,0.23000000417232502,9.579999923706051
777,8053475328,4/21/2016,0.0,2.57999992370605,0.25,9.670000076293949
778,8053475328,4/22/2016,0.0,1.87999999523163,0.150000005960464,6.2600002288818395
779,8053475328,4/23/2016,0.0,4.019999980926509,0.6299999952316279,12.539999961853
780,8053475328,4/24/2016,0.0,3.25999999046326,1.54999995231628,13.130000114440902
781,8053475328,4/25/2016,0.0,3.85999989509583,0.46000000834465005,11.369999885559098
782,8053475328,4/26/2016,0.0,3.0999999046325697,0.200000002980232,6.30999994277954
783,8053475328,4/27/2016,0.0,2.9300000667572004,0.430000007152557,6.46000003814697
784,8053475328,4/28/2016,0.0,2.3499999046325697,0.38999998569488503,9.670000076293949
785,8053475328,4/29/2016,0.0,3.17000007629395,0.31000000238418607,6.17000007629395
786,8053475328,4/30/2016,0.0,2.5399999618530296,0.0599999986588955,2.99000000953674
787,8053475328,5/1/2016,0.0,0.8500000238418579,0.0,0.0
788,8053475328,5/2/2016,0.0,1.42999994754791,0.0,0.0
789,8053475328,5/3/2016,0.0,2.58999991416931,0.930000007152557,8.39000034332275
790,8053475328,5/4/2016,0.0,1.9099999666213998,0.400000005960464,8.81999969482422
791,8053475328,5/5/2016,0.0,2.2100000381469704,0.44999998807907104,8.85000038146973
792,8053475328,5/6/2016,0.0,1.21000003814697,0.6899999976158139,9.10000038146973
793,8053475328,5/7/2016,0.0,2.3499999046325697,0.879999995231628,12.4399995803833
794,8053475328,5/8/2016,0.0,3.66000008583069,0.5899999737739561,13.3999996185303
795,8053475328,5/9/2016,0.0,2.6900000572204603,0.569999992847443,6.119999885559079
796,8053475328,5/10/2016,0.0,1.85000002384186,0.419999986886978,9.09000015258789
797,8053475328,5/11/2016,0.0,3.0399999618530296,0.280000001192093,6.07999992370605
798,8053475328,5/12/2016,0.0,0.7599999904632572,0.200000002980232,2.95000004768372
799,8253242879,4/12/2016,0.0,1.5900000333786002,0.14000000059604598,5.42999982833862
800,8253242879,4/13/2016,0.0,1.30999994277954,0.6299999952316279,4.17000007629395
801,8253242879,4/14/2016,0.0,0.540000021457672,0.9900000095367428,1.92999994754791
802,8253242879,4/15/2016,0.0,1.7599999904632602,0.0,0.0
803,8253242879,4/16/2016,0.0,2.4500000476837203,3.2699999809265097,0.430000007152557
804,8253242879,4/17/2016,0.0,2.32999992370605,0.150000005960464,5.42999982833862
805,8253242879,4/18/2016,0.0,1.79999995231628,0.6299999952316279,1.03999996185303
806,8253242879,4/19/2016,0.0,2.77999997138977,0.0,0.0
807,8253242879,4/20/2016,0.00999999977648258,3.10999989509583,0.819999992847443,0.33000001311302196
808,8253242879,4/21/2016,0.0,1.75,0.930000007152557,5.880000114440921
809,8253242879,4/22/2016,0.0,1.87000000476837,0.0,0.0
810,8253242879,4/23/2016,0.0,3.1300001144409197,1.03999996185303,2.08999991416931
811,8253242879,4/24/2016,0.0,1.3400000333786,0.189999997615814,5.599999904632571
812,8253242879,4/25/2016,0.0,1.7699999809265101,2.39000010490417,0.36000001430511497
813,8253242879,4/26/2016,0.0,1.37000000476837,0.490000009536743,1.17999994754791
814,8253242879,4/27/2016,0.0,1.70000004768372,0.23000000417232502,6.2399997711181605
815,8253242879,4/28/2016,0.0,0.34000000357627896,0.779999971389771,0.6700000166893011
816,8253242879,4/29/2016,0.0,2.4000000953674303,0.540000021457672,1.28999996185303
817,8253242879,4/30/2016,0.0,0.0,0.0,0.0
818,8378563200,4/12/2016,0.0,4.5,0.709999978542328,0.8299999833106991
819,8378563200,4/13/2016,0.0,4.21000003814697,0.6499999761581421,4.96000003814697
820,8378563200,4/14/2016,0.0,3.91000008583069,1.02999997138977,5.619999885559079
821,8378563200,4/15/2016,0.0,5.40999984741211,1.1499999761581399,4.90999984741211
822,8378563200,4/16/2016,0.0,2.44000005722046,1.0700000524520898,5.369999885559079
823,8378563200,4/17/2016,0.0,1.6900000572204599,0.0,0.0
824,8378563200,4/18/2016,0.0,5.199999809265139,0.560000002384186,5.050000190734861
825,8378563200,4/19/2016,0.0,4.17999982833862,0.879999995231628,5.300000190734861
826,8378563200,4/20/2016,0.0,4.78000020980835,0.439999997615814,2.2300000190734903
827,8378563200,4/21/2016,0.0,4.28999996185303,0.819999992847443,6.900000095367429
828,8378563200,4/22/2016,0.0,4.17999982833862,0.5899999737739561,4.90999984741211
829,8378563200,4/23/2016,0.0,2.4800000190734903,0.519999980926514,1.5199999809265101
830,8378563200,4/24/2016,0.0,2.9400000572204603,0.0,0.0
831,8378563200,4/25/2016,0.0,3.92000007629395,0.870000004768372,5.050000190734861
832,8378563200,4/26/2016,0.0,4.42000007629395,0.9200000166893009,7.5100002288818395
833,8378563200,4/27/2016,0.0,5.32999992370605,0.180000007152557,0.33000001311302196
834,8378563200,4/28/2016,0.0,2.91000008583069,0.490000009536743,0.8999999761581421
835,8378563200,4/29/2016,0.0,4.269999980926509,0.36000001430511497,0.25
836,8378563200,4/30/2016,0.0,2.33999991416931,0.0,0.0
837,8378563200,5/1/2016,0.0,2.47000002861023,0.560000002384186,6.03000020980835
838,8378563200,5/2/2016,0.0,4.01000022888184,0.170000001788139,0.6299999952316279
839,8378563200,5/3/2016,0.0,4.5,1.05999994277954,1.3400000333786
840,8378563200,5/4/2016,0.0,4.19999980926514,0.490000009536743,1.5599999427795401
841,8378563200,5/5/2016,0.0,5.7399997711181605,0.159999996423721,0.8899999856948849
842,8378563200,5/6/2016,0.0,3.77999997138977,0.25,1.54999995231628
843,8378563200,5/7/2016,0.0,3.5399999618530296,0.0,0.0
844,8378563200,5/8/2016,0.0,2.32999992370605,0.0,0.0
845,8378563200,5/9/2016,0.0,4.71999979019165,0.6600000262260439,1.26999998092651
846,8378563200,5/10/2016,0.0,3.92000007629395,0.639999985694885,0.6600000262260439
847,8378563200,5/11/2016,0.0,5.269999980926509,0.5899999737739561,1.38999998569489
848,8378563200,5/12/2016,0.0,2.6900000572204603,0.270000010728836,0.6499999761581421
849,8583815059,4/12/2016,0.0,3.57999992370605,0.33000001311302196,0.0
850,8583815059,4/13/2016,0.0,3.2300000190734903,0.970000028610229,0.150000005960464
851,8583815059,4/14/2016,0.0,2.4300000667572,0.0,0.0
852,8583815059,4/15/2016,0.0,0.8999999761581421,0.0,0.0
853,8583815059,4/16/2016,0.0,0.0,0.0,0.0
854,8583815059,4/17/2016,0.0,0.0,0.0,0.0
855,8583815059,4/18/2016,0.0,1.35000002384186,1.05999994277954,0.31000000238418607
856,8583815059,4/19/2016,0.0,3.4400000572204603,0.479999989271164,0.5299999713897711
857,8583815059,4/20/2016,0.0,3.0699999332427996,1.03999996185303,0.0
858,8583815059,4/21/2016,0.0,3.00999999046326,1.01999998092651,2.63000011444092
859,8583815059,4/22/2016,0.0,4.07999992370605,2.41000008583069,0.28999999165535
860,8583815059,4/23/2016,0.0,4.75,2.02999997138977,0.5299999713897711
861,8583815059,4/24/2016,0.0,4.269999980926509,2.04999995231628,0.150000005960464
862,8583815059,4/25/2016,0.0,1.8099999427795401,0.239999994635582,1.4700000286102302
863,8583815059,4/26/2016,0.0,3.89000010490417,4.2199997901916495,0.0700000002980232
864,8583815059,4/27/2016,0.0,2.8699998855590803,0.270000010728836,6.599999904632571
865,8583815059,4/28/2016,0.0,3.60999989509583,1.20000004768372,0.0
866,8583815059,4/29/2016,0.0,4.92000007629395,3.0,3.9000000953674303
867,8583815059,4/30/2016,0.0,6.42999982833862,1.27999997138977,0.150000005960464
868,8583815059,5/1/2016,0.0,2.03999996185303,0.119999997317791,0.779999971389771
869,8583815059,5/2/2016,0.0,0.0,0.0,0.0
870,8583815059,5/3/2016,0.0,0.0,0.0,0.0
871,8583815059,5/4/2016,0.0,0.0,0.0,0.0
872,8583815059,5/5/2016,0.0,1.17999994754791,0.0,0.0
873,8583815059,5/6/2016,0.0,3.2300000190734903,1.19000005722046,0.14000000059604598
874,8583815059,5/7/2016,0.0,4.769999980926509,0.0,0.0
875,8583815059,5/8/2016,0.0,3.66000008583069,3.3099999427795397,0.219999998807907
876,8583815059,5/9/2016,0.0,1.7300000190734899,0.170000001788139,5.7600002288818395
877,8583815059,5/10/2016,0.0,3.72000002861023,2.00999999046326,0.6899999976158139
878,8583815059,5/11/2016,0.0,3.17000007629395,3.24000000953674,0.370000004768372
879,8583815059,5/12/2016,0.0,0.0,0.0,0.0
880,8792009665,4/12/2016,0.0,1.63999998569489,0.0,0.0
881,8792009665,4/13/2016,0.0,0.839999973773956,0.0,0.0
882,8792009665,4/14/2016,0.0,0.779999971389771,0.0,0.0
883,8792009665,4/15/2016,0.0,1.5900000333786002,0.0,0.0
884,8792009665,4/16/2016,0.0,0.159999996423721,0.0,0.0
885,8792009665,4/17/2016,0.0,0.0,0.0,0.0
886,8792009665,4/18/2016,0.0,0.0,0.0,0.0
887,8792009665,4/19/2016,0.0,0.0,0.0,0.0
888,8792009665,4/20/2016,0.0,1.7400000095367398,0.280000001192093,0.0
889,8792009665,4/21/2016,0.0,0.0900000035762787,0.0,0.0
890,8792009665,4/22/2016,0.0,2.2699999809265097,0.280000001192093,0.0500000007450581
891,8792009665,4/23/2016,0.0,2.75,0.439999997615814,0.159999996423721
892,8792009665,4/24/2016,0.0,0.159999996423721,0.0500000007450581,0.0399999991059303
893,8792009665,4/25/2016,0.0,0.0,0.0,0.0
894,8792009665,4/26/2016,0.0,0.8500000238418579,0.0,0.0
895,8792009665,4/27/2016,0.0,1.12999999523163,0.0,0.0
896,8792009665,4/28/2016,0.0,3.9400000572204603,0.0,0.0
897,8792009665,4/29/2016,0.0,4.92999982833862,0.280000001192093,0.14000000059604598
898,8792009665,4/30/2016,0.0,3.91000008583069,0.36000001430511497,0.33000001311302196
899,8792009665,5/1/2016,0.0,1.03999996185303,0.0,0.0
900,8792009665,5/2/2016,0.0,1.16999995708466,0.0,0.0
901,8792009665,5/3/2016,0.0,1.54999995231628,0.0,0.0
902,8792009665,5/4/2016,0.0,1.46000003814697,0.0,0.0
903,8792009665,5/5/2016,0.0,0.0,0.0,0.0
904,8792009665,5/6/2016,0.0,0.0,0.0,0.0
905,8792009665,5/7/2016,0.0,0.0,0.0,0.0
906,8792009665,5/8/2016,0.0,0.0,0.0,0.0
907,8792009665,5/9/2016,0.0,0.0,0.0,0.0
908,8792009665,5/10/2016,0.0,0.0,0.0,0.0
909,8877689391,4/12/2016,0.0,7.82000017166138,0.34000000357627896,12.220000267028801
910,8877689391,4/13/2016,0.0,5.639999866485599,0.379999995231628,3.54999995231628
911,8877689391,4/14/2016,0.0199999995529652,7.75,0.5899999737739561,10.5500001907349
912,8877689391,4/15/2016,0.00999999977648258,7.0100002288818395,0.0500000007450581,0.0500000007450581
913,8877689391,4/16/2016,0.0,10.710000038147,1.21000003814697,13.2399997711182
914,8877689391,4/17/2016,0.0,8.78999996185303,0.0700000002980232,0.0
915,8877689391,4/18/2016,0.0,5.94000005722046,0.270000010728836,2.44000005722046
916,8877689391,4/19/2016,0.0,5.03000020980835,0.180000007152557,12.1499996185303
917,8877689391,4/20/2016,0.0,6.34000015258789,0.6899999976158139,11.020000457763699
918,8877689391,4/21/2016,0.0,4.8899998664856,0.419999986886978,12.289999961853
919,8877689391,4/22/2016,0.0500000007450581,5.96999979019165,0.0299999993294477,10.229999542236301
920,8877689391,4/23/2016,0.00999999977648258,7.400000095367429,0.0,0.0
921,8877689391,4/24/2016,0.0,4.69000005722046,0.00999999977648258,11.0100002288818
922,8877689391,4/25/2016,0.00999999977648258,6.26999998092651,0.0700000002980232,2.36999988555908
923,8877689391,4/26/2016,0.0,6.5,0.129999995231628,1.7599999904632602
924,8877689391,4/27/2016,0.0,7.099999904632571,0.439999997615814,13.0699996948242
925,8877689391,4/28/2016,0.0,5.96999979019165,0.379999995231628,4.92999982833862
926,8877689391,4/29/2016,0.0,5.78999996185303,0.170000001788139,1.37999999523163
927,8877689391,4/30/2016,0.0,4.92999982833862,0.0799999982118607,21.6599998474121
928,8877689391,5/1/2016,0.0,4.57000017166138,0.569999992847443,3.1300001144409197
929,8877689391,5/2/2016,0.0,3.5599999427795397,0.0,0.0
930,8877689391,5/3/2016,0.00999999977648258,6.67000007629395,0.100000001490116,1.38999998569489
931,8877689391,5/4/2016,0.0,5.53000020980835,0.31000000238418607,10.4200000762939
932,8877689391,5/5/2016,0.0,4.36999988555908,0.819999992847443,5.46000003814697
933,8877689391,5/6/2016,0.0,6.15999984741211,0.28999999165535,12.789999961853
934,8877689391,5/7/2016,0.0,6.9899997711181605,0.959999978542328,0.0799999982118607
935,8877689391,5/8/2016,0.0,6.800000190734861,0.200000002980232,1.08000004291534
936,8877689391,5/9/2016,0.0500000007450581,6.2399997711181605,0.8000000119209291,11.1000003814697
937,8877689391,5/10/2016,0.0,6.28000020980835,0.46000000834465005,1.35000002384186
938,8877689391,5/11/2016,0.0,5.889999866485599,0.40999999642372104,13.220000267028801
939,8877689391,5/12/2016,0.0,4.25,0.0399999991059303,1.82000005245209
